{"cameraMode":{"drawMode":0,"name":"Shaded","section":"Shading Mode"},"sceneLighting":true,"audioPlay":false,"sceneViewState":{"m_AlwaysRefresh":false,"showFog":true,"showSkybox":true,"showFlares":true,"showImageEffects":true,"showParticleSystems":true,"showVisualEffectGraphs":true,"m_FxEnabled":true},"in2DMode":false,"pivot":{"x":-3.818592071533203,"y":-4.7264323234558109,"z":15.957588195800782},"rotation":{"x":-0.11405058950185776,"y":-0.01462202426046133,"z":0.0016735418466851116,"w":-0.9933875799179077},"size":19.199630737304689,"orthographic":false}